feature,importance
coastal_exposure,0.5784791898439741
seasonal_rise_m,0.20989646305084392
water_bodies_count,0.11604587544143213
urban_drainage_stress,0.038755834375434804
river_proximity_km,0.02807799943736232
wetland_buffer_index,0.014882549380179865
pre_monsoon_water_table_m_bgl,0.007201310073756815
post_monsoon_water_table_m_bgl,0.006660778397016046
monsoon_rainfall_mm,0.0
