feature,importance
coastal_exposure,0.5128433499943862
seasonal_rise_m,0.26024095838012856
water_bodies_count,0.11890293052789326
river_proximity_km,0.044400348611783706
urban_drainage_stress,0.0416053934750449
monsoon_rainfall_mm,0.009592421774707836
wetland_buffer_index,0.009522262638824585
pre_monsoon_water_table_m_bgl,0.0016594199815464941
post_monsoon_water_table_m_bgl,0.0012329146156845308
